{"count":1,"self":1.510023,"total":5.6396419999999994,"children":{"InitializeActuators":{"count":1,"self":0.0020009999999999997,"total":0.0020009999999999997,"children":null},"InitializeSensors":{"count":1,"self":0.00096999999999999994,"total":0.00096999999999999994,"children":null},"AgentSendState":{"count":149,"self":0.007559,"total":2.524653,"children":{"CollectObservations":{"count":149,"self":0.00084399999999999992,"total":0.00084399999999999992,"children":null},"CollectDiscreteActionMasks":{"count":149,"self":0.0011899999999999999,"total":0.0011899999999999999,"children":null},"RequestDecision":{"count":149,"self":0.0065429999999999993,"total":2.51506,"children":{"AgentInfo.ToProto":{"count":149,"self":0.0040539999999999994,"total":2.508517,"children":{"GenerateSensorData":{"count":149,"self":0.010112999999999999,"total":2.504463,"children":{"CameraSensor.GetCompressedObservation":{"count":149,"self":2.49435,"total":2.49435,"children":null}}}}}}}}},"DecideAction":{"count":149,"self":1.581675,"total":1.581675,"children":null},"AgentAct":{"count":149,"self":0.017339999999999998,"total":0.017339999999999998,"children":null}},"gauges":{},"metadata":{"timer_format_version":"0.1.0","start_time_seconds":"1608590286","unity_version":"2019.4.0f1","command_line_arguments":"\/home\/vroig\/Escritorio\/TFM\/Unity-P\/RobotAgents\/pythoncode\/UnityEnvironment\/Head-0.1-Plane\/Head-Robot-Stiff-Half.x86_64 --mlagents-port 5004","communication_protocol_version":"1.2.0","com.unity.ml-agents_version":"1.5.0-preview","scene_name":"UnionScene","end_time_seconds":"1608590291"}}