{"count":1,"self":42.910016,"total":47.187765999999996,"children":{"InitializeActuators":{"count":1,"self":0.00158,"total":0.00158,"children":null},"InitializeSensors":{"count":1,"self":0.00086199999999999992,"total":0.00086199999999999992,"children":null},"AgentSendState":{"count":2336,"self":0.12065899999999999,"total":4.0477929999999995,"children":{"CollectObservations":{"count":259,"self":0.007143,"total":0.007143,"children":null},"CollectDiscreteActionMasks":{"count":259,"self":0.0073859999999999993,"total":0.0073859999999999993,"children":null},"RequestDecision":{"count":259,"self":0.019769,"total":3.9126049999999997,"children":{"CameraSensor.GetCompressedObservation":{"count":259,"self":3.892836,"total":3.892836,"children":null}}}}},"DecideAction":{"count":2336,"self":0.13741399999999998,"total":0.13741399999999998,"children":null},"AgentAct":{"count":2336,"self":0.089230999999999991,"total":0.089230999999999991,"children":null}},"gauges":{},"metadata":{"timer_format_version":"0.1.0","start_time_seconds":"1608818971","unity_version":"2019.4.0f1","command_line_arguments":"\/home\/vroig\/Unity\/Hub\/Editor\/2019.4.0f1\/Editor\/Unity -projectpath \/home\/vroig\/Escritorio\/TFM\/Unity-P\/RobotAgents -useHub -hubIPC -cloudEnvironment production -hubSessionId 1f8568c0-45eb-11eb-a734-2d96790a7a6e -accessToken vhlXXPG55rSeBWidFB8VgNSZvxsLYEfeHp1rPO8vYl4006f","communication_protocol_version":"1.2.0","com.unity.ml-agents_version":"1.5.0-preview","scene_name":"UnionScene","end_time_seconds":"1608819019"}}