{"count":1,"self":19.6039504,"total":21.756843999999997,"children":{"InitializeActuators":{"count":1,"self":0.0015819999999999999,"total":0.0015819999999999999,"children":null},"InitializeSensors":{"count":1,"self":0.00088399999999999991,"total":0.00088399999999999991,"children":null},"AgentSendState":{"count":1058,"self":0.062131,"total":1.9790569999999998,"children":{"CollectObservations":{"count":117,"self":0.003704,"total":0.003704,"children":null},"CollectDiscreteActionMasks":{"count":117,"self":0.0038039999999999997,"total":0.0038039999999999997,"children":null},"RequestDecision":{"count":117,"self":0.010058,"total":1.9094179999999998,"children":{"CameraSensor.GetCompressedObservation":{"count":117,"self":1.89936,"total":1.89936,"children":null}}}}},"DecideAction":{"count":1058,"self":0.079087999999999992,"total":0.079087999999999992,"children":null},"AgentAct":{"count":1058,"self":0.049538,"total":0.049538,"children":null},"CameraSensor.GetCompressedObservation":{"count":3,"self":0.041868999999999996,"total":0.041868999999999996,"children":null}},"gauges":{"Hands.CumulativeReward":{"count":3,"max":-57.938694,"min":-125.18,"runningAverage":-94.43957,"value":-100.200005,"weightedAverage":-81.11177}},"metadata":{"timer_format_version":"0.1.0","start_time_seconds":"1608635643","unity_version":"2019.4.0f1","command_line_arguments":"\/home\/vroig\/Unity\/Hub\/Editor\/2019.4.0f1\/Editor\/Unity -projectpath \/home\/vroig\/Escritorio\/TFM\/Unity-P\/RobotAgents -useHub -hubIPC -cloudEnvironment production -hubSessionId 5b7fcf00-4366-11eb-8d5f-b98850ab19e3 -accessToken z60UM-H2PIx7siFu-DdvooXmiLG1Xf5MZM5rG7mx3-c006f","communication_protocol_version":"1.2.0","com.unity.ml-agents_version":"1.5.0-preview","scene_name":"UnionScene","end_time_seconds":"1608635665"}}