{"count":1,"self":17.7335264,"total":153.75091999999998,"children":{"InitializeActuators":{"count":1,"self":0.0019459999999999998,"total":0.0019459999999999998,"children":null},"InitializeSensors":{"count":1,"self":0.0014039999999999999,"total":0.0014039999999999999,"children":null},"AgentSendState":{"count":6051,"self":0.19228099999999998,"total":85.311082,"children":{"CollectObservations":{"count":6051,"self":0.034405,"total":0.034405,"children":null},"CollectDiscreteActionMasks":{"count":6051,"self":0.041063999999999996,"total":0.041063999999999996,"children":null},"RequestDecision":{"count":6051,"self":0.097859,"total":85.043331999999992,"children":{"AgentInfo.ToProto":{"count":6051,"self":0.116339,"total":84.945472999999993,"children":{"GenerateSensorData":{"count":6051,"self":0.28945,"total":84.829134,"children":{"CameraSensor.GetCompressedObservation":{"count":6051,"self":84.5396864,"total":84.539684,"children":null}}}}}}}}},"DecideAction":{"count":6051,"self":50.2128576,"total":50.212858999999995,"children":null},"AgentAct":{"count":6051,"self":0.48643899999999995,"total":0.48643899999999995,"children":null}},"gauges":{},"metadata":{"timer_format_version":"0.1.0","start_time_seconds":"1607706578","unity_version":"2019.4.0f1","command_line_arguments":"\/home\/vroig\/Escritorio\/TFM\/Unity-P\/RobotAgents\/pythoncode\/UnityEnvironment\/Head\/Head-Robot-Stiff.x86_64 --mlagents-port 5004","communication_protocol_version":"1.2.0","com.unity.ml-agents_version":"1.5.0-preview","scene_name":"UnionScene","end_time_seconds":"1607706732"}}